{
  "engine": "Clap",
  "engineType": "Drum",
  "values": [
    {"key": "ENGINE", "value": 1},
    {"key": "DECAY", "value": 40.0},
    {"key": "BURSTS", "value": 7},
    {"key": "SPACING", "value": 50.0},
    {"key": "NOISE_COLOR", "value": 60.0},
    {"key": "FILTER_FREQ", "value": 30.0},
    {"key": "FILTER_RESO", "value": 20.0},
    {"key": "PUNCH", "value": -30.0},
    {"key": "TRANSIENT", "value": 10.0},
    {"key": "BOOST", "value": 0.0},
    {"key": "REVERB", "value": 50.0},
    {"key": "DURATION", "value": 70.0}
  ]
}
