{
    "Track3": {
        "values": [
            {"key": "ENGINE", "value": 0.0},
            {"key": "VAL_3", "value": 7200.0},
            {"key": "VAL_4", "value": 0.35},
            {"key": "VAL_5", "value": 72.0},
            {"key": "VAL_6", "value": 15.0},
            {"key": "VAL_7", "value": 0.012},
            {"key": "VAL_8", "value": 12.0},
            {"key": "VAL_9", "value": 1850.0},
            {"key": "VAL_10", "value": 28.0},
            {"key": "VAL_11", "value": 42.0},
            {"key": "VAL_12", "value": 0.18},
            {"key": "DURATION", "value": 85.0},
            {"key": "AMP_MORPH", "value": 50.0}
        ]
    },
    "Sequencer": {"STATUS": 1.0, "STEP_COUNT": 32, "STEPS": [
        {"position": 2, "len": 1, "enabled": true, "note": 42, "velocity": 0.9, "condition": "---", "motion": "---"},
        {"position": 6, "len": 1, "enabled": true, "note": 42, "velocity": 0.9, "condition": "---", "motion": "---"},
        {"position": 10, "len": 1, "enabled": true, "note": 42, "velocity": 0.9, "condition": "---", "motion": "---"},
        {"position": 14, "len": 1, "enabled": true, "note": 42, "velocity": 0.9, "condition": "---", "motion": "---"},
        {"position": 18, "len": 1, "enabled": true, "note": 42, "velocity": 0.9, "condition": "---", "motion": "---"},
        {"position": 22, "len": 1, "enabled": true, "note": 42, "velocity": 0.9, "condition": "---", "motion": "---"},
        {"position": 26, "len": 1, "enabled": true, "note": 42, "velocity": 0.9, "condition": "---", "motion": "---"},
        {"position": 30, "len": 1, "enabled": true, "note": 42, "velocity": 0.9, "condition": "---", "motion": "---"},
        {"position": 0, "len": 1, "enabled": true, "note": 42, "velocity": 0.5, "condition": "50%", "motion": "---"},
        {"position": 8, "len": 1, "enabled": true, "note": 42, "velocity": 0.45, "condition": "50%", "motion": "---"},
        {"position": 16, "len": 1, "enabled": true, "note": 42, "velocity": 0.5, "condition": "50%", "motion": "---"},
        {"position": 24, "len": 1, "enabled": true, "note": 42, "velocity": 0.45, "condition": "50%", "motion": "---"}
    ]},
    "SerializeTrack": {"CLIP": 0.0}
}
