{
    "Track1": {
        "values": [
            {"key": "ENGINE", "value": 4.0},
            {"key": "VAL_3", "value": 25.0},
            {"key": "VAL_4", "value": 0.0},
            {"key": "VAL_5", "value": -5.0},
            {"key": "VAL_6", "value": 25.0},
            {"key": "VAL_7", "value": -45.0},
            {"key": "VAL_8", "value": 35.0},
            {"key": "VAL_9", "value": 2.0},
            {"key": "VAL_10", "value": 55.0},
            {"key": "VAL_11", "value": 0.0},
            {"key": "VAL_12", "value": 0.0},
            {"key": "DURATION", "value": 650.0},
            {"key": "AMP_MORPH", "value": 50.0}
        ]
    },
    "Sequencer": {"STATUS": 1.0, "STEP_COUNT": 32, "STEPS": [
        {"position": 0, "len": 4, "enabled": true, "note": 36, "velocity": 0.55, "condition": "---", "motion": "---"},
        {"position": 16, "len": 4, "enabled": true, "note": 36, "velocity": 0.5, "condition": "---", "motion": "---"},
        {"position": 24, "len": 3, "enabled": true, "note": 36, "velocity": 0.4, "condition": "50%", "motion": "---"}
    ]},
    "SerializeTrack": {"CLIP": 0.0}
}
