{
  "engine": "Metalic",
  "engineType": "Drum",
  "description": "Tight closed hi-hat with metallic edge",
  "values": [
    {"key": "ENGINE", "value": 0},
    {"key": "BASE_FREQ", "value": 350.0},
    {"key": "RESONATOR", "value": 0.28},
    {"key": "TIMBRE", "value": 35.0},
    {"key": "DRIVE", "value": 18.0},
    {"key": "TONE_DECAY", "value": 0.012},
    {"key": "REVERB", "value": 3.0},
    {"key": "FM_FREQ", "value": 220.0},
    {"key": "FM_AMP", "value": 32.0},
    {"key": "ENV_MOD", "value": 22.0},
    {"key": "ENV_SHAPE", "value": 0.25},
    {"key": "DURATION", "value": 65.0}
  ]
}