{
  "engine": "Metalic",
  "engineType": "Drum",
  "values": [
    {"key": "ENGINE", "value": 3},
    {"key": "BASE_FREQ", "value": 120.0},
    {"key": "RESONATOR", "value": 1.2},
    {"key": "TIMBRE", "value": 80.0},
    {"key": "DRIVE", "value": 30.0},
    {"key": "TONE_DECAY", "value": 0.30},
    {"key": "REVERB", "value": 60.0},
    {"key": "FM_FREQ", "value": 80.0},
    {"key": "FM_AMP", "value": 60.0},
    {"key": "ENV_MOD", "value": 10.0},
    {"key": "ENV_SHAPE", "value": 0.3},
    {"key": "DURATION", "value": 100.0}
  ]
}
