{
    "Track3": {
        "values": [
            {"key": "ENGINE", "value": 0.0},
            {"key": "VAL_3", "value": 6200.0},
            {"key": "VAL_4", "value": 0.55},
            {"key": "VAL_5", "value": 58.0},
            {"key": "VAL_6", "value": 18.0},
            {"key": "VAL_7", "value": 0.025},
            {"key": "VAL_8", "value": 15.0},
            {"key": "VAL_9", "value": 1500.0},
            {"key": "VAL_10", "value": 22.0},
            {"key": "VAL_11", "value": 32.0},
            {"key": "VAL_12", "value": 0.28},
            {"key": "DURATION", "value": 115.0},
            {"key": "AMP_MORPH", "value": 50.0}
        ]
    },
    "Sequencer": {"STATUS": 1.0, "STEP_COUNT": 32, "STEPS": [
        {"position": 0, "len": 1, "enabled": true, "note": 42, "velocity": 0.7, "condition": "---", "motion": "---"},
        {"position": 3, "len": 1, "enabled": true, "note": 42, "velocity": 0.5, "condition": "---", "motion": "---"},
        {"position": 6, "len": 1, "enabled": true, "note": 42, "velocity": 0.65, "condition": "---", "motion": "---"},
        {"position": 8, "len": 1, "enabled": true, "note": 42, "velocity": 0.7, "condition": "---", "motion": "---"},
        {"position": 11, "len": 1, "enabled": true, "note": 42, "velocity": 0.5, "condition": "---", "motion": "---"},
        {"position": 14, "len": 1, "enabled": true, "note": 42, "velocity": 0.6, "condition": "---", "motion": "---"},
        {"position": 16, "len": 1, "enabled": true, "note": 42, "velocity": 0.7, "condition": "---", "motion": "---"},
        {"position": 19, "len": 1, "enabled": true, "note": 42, "velocity": 0.5, "condition": "---", "motion": "---"},
        {"position": 22, "len": 1, "enabled": true, "note": 42, "velocity": 0.65, "condition": "---", "motion": "---"},
        {"position": 24, "len": 1, "enabled": true, "note": 42, "velocity": 0.7, "condition": "---", "motion": "---"},
        {"position": 27, "len": 1, "enabled": true, "note": 42, "velocity": 0.5, "condition": "---", "motion": "---"},
        {"position": 30, "len": 1, "enabled": true, "note": 42, "velocity": 0.55, "condition": "---", "motion": "---"}
    ]},
    "SerializeTrack": {"CLIP": 0.0}
}
