{
  "engine": "Bass",
  "engineType": "Synth",
  "description": "Punchy 80s synth bass with character",
  "values": [
    {"key": "ENGINE", "value": 14},
    {"key": "PITCH", "value": 0},
    {"key": "BEND", "value": 18.0},
    {"key": "WAVEFORM_TYPE", "value": 2},
    {"key": "SHAPE", "value": 38.0},
    {"key": "CUTOFF", "value": 48.0},
    {"key": "RESONANCE", "value": 25.0},
    {"key": "FX_TYPE", "value": 9},
    {"key": "FX_AMOUNT", "value": 32.0},
    {"key": "FX2_TYPE", "value": 0},
    {"key": "FX2_AMOUNT", "value": 0.0},
    {"key": "DURATION", "value": 420.0}
  ]
}