{
  "engine": "Perc",
  "engineType": "Drum",
  "values": [
    {"key": "ENGINE", "value": 4},
    {"key": "PITCH", "value": 150.0},
    {"key": "BEND", "value": 20.0},
    {"key": "HARMONICS", "value": -20.0},
    {"key": "NOISE_TUNE", "value": 200.0},
    {"key": "NOISE_SHAPE", "value": -50.0},
    {"key": "NOISE_DEC", "value": 0.25},
    {"key": "MIX", "value": 40.0},
    {"key": "PUNCH", "value": 20.0},
    {"key": "DRIVE", "value": -40.0},
    {"key": "REVERB", "value": 70.0},
    {"key": "DURATION", "value": 80.0}
  ]
}
