{
    "Track2": {
        "values": [
            {"key": "ENGINE", "value": 9.0},
            {"key": "VAL_3", "value": 0.0},
            {"key": "VAL_4", "value": 5.0},
            {"key": "VAL_5", "value": 7.2},
            {"key": "VAL_6", "value": 0.5},
            {"key": "VAL_7", "value": 0.85},
            {"key": "VAL_8", "value": 18.0},
            {"key": "VAL_9", "value": 2.0},
            {"key": "VAL_10", "value": 65.0},
            {"key": "VAL_11", "value": 22.0},
            {"key": "VAL_12", "value": 45.0},
            {"key": "DURATION", "value": 1400.0},
            {"key": "AMP_MORPH", "value": 50.0}
        ]
    },
    "Sequencer": {"STATUS": 1.0, "STEP_COUNT": 32, "STEPS": [
        {"position": 4, "len": 8, "enabled": true, "note": 72, "velocity": 0.5, "condition": "---", "motion": "---"},
        {"position": 12, "len": 6, "enabled": true, "note": 76, "velocity": 0.45, "condition": "50%", "motion": "---"},
        {"position": 20, "len": 8, "enabled": true, "note": 79, "velocity": 0.5, "condition": "---", "motion": "---"},
        {"position": 28, "len": 4, "enabled": true, "note": 74, "velocity": 0.4, "condition": "Pair", "motion": "---"}
    ]},
    "SerializeTrack": {"CLIP": 0.0}
}
