{
  "engine": "Clap",
  "engineType": "Drum",
  "description": "Soft vinyl clap with lo-fi character and warmth",
  "values": [
    {"key": "ENGINE", "value": 3},
    {"key": "DECAY", "value": 28.0},
    {"key": "BURSTS", "value": 4},
    {"key": "SPACING", "value": 25.0},
    {"key": "NOISE_COLOR", "value": 45.0},
    {"key": "FILTER_FREQ", "value": 35.0},
    {"key": "FILTER_RESO", "value": 22.0},
    {"key": "PUNCH", "value": 55.0},
    {"key": "TRANSIENT", "value": 28.0},
    {"key": "BOOST", "value": -18.0},
    {"key": "REVERB", "value": 35.0},
    {"key": "DURATION", "value": 260.0}
  ]
}