{
    "Track6": {
        "values": [
            {"key": "ENGINE", "value": 14.0},
            {"key": "VAL_3", "value": 0.0},
            {"key": "VAL_4", "value": -5.0},
            {"key": "VAL_5", "value": 0.0},
            {"key": "VAL_6", "value": 0.0},
            {"key": "VAL_7", "value": 42.0},
            {"key": "VAL_8", "value": 38.0},
            {"key": "VAL_9", "value": 9.0},
            {"key": "VAL_10", "value": 28.0},
            {"key": "VAL_11", "value": 0.0},
            {"key": "VAL_12", "value": 0.0},
            {"key": "DURATION", "value": 320.0},
            {"key": "AMP_MORPH", "value": 50.0}
        ]
    },
    "Sequencer": {"STATUS": 1.0, "STEP_COUNT": 32, "STEPS": [
        {"position": 0, "len": 2, "enabled": true, "note": 38, "velocity": 1.0, "condition": "---", "motion": "---"},
        {"position": 3, "len": 1, "enabled": true, "note": 38, "velocity": 0.7, "condition": "---", "motion": "---"},
        {"position": 6, "len": 2, "enabled": true, "note": 41, "velocity": 0.9, "condition": "---", "motion": "---"},
        {"position": 8, "len": 2, "enabled": true, "note": 38, "velocity": 0.95, "condition": "---", "motion": "---"},
        {"position": 11, "len": 1, "enabled": true, "note": 38, "velocity": 0.7, "condition": "---", "motion": "---"},
        {"position": 14, "len": 2, "enabled": true, "note": 43, "velocity": 0.85, "condition": "---", "motion": "---"},
        {"position": 16, "len": 2, "enabled": true, "note": 38, "velocity": 1.0, "condition": "---", "motion": "---"},
        {"position": 19, "len": 1, "enabled": true, "note": 38, "velocity": 0.7, "condition": "---", "motion": "---"},
        {"position": 22, "len": 2, "enabled": true, "note": 41, "velocity": 0.9, "condition": "---", "motion": "---"},
        {"position": 24, "len": 2, "enabled": true, "note": 38, "velocity": 0.95, "condition": "---", "motion": "---"},
        {"position": 27, "len": 1, "enabled": true, "note": 38, "velocity": 0.7, "condition": "---", "motion": "---"},
        {"position": 30, "len": 2, "enabled": true, "note": 36, "velocity": 0.85, "condition": "---", "motion": "---"}
    ]},
    "SerializeTrack": {"CLIP": 0.0}
}
