{
  "engine": "Clap",
  "engineType": "Drum",
  "description": "Tight DNB snare-clap hybrid with punchy attack",
  "values": [
    {"key": "ENGINE", "value": 3},
    {"key": "DECAY", "value": 18.0},
    {"key": "BURSTS", "value": 3},
    {"key": "SPACING", "value": 12.0},
    {"key": "NOISE_COLOR", "value": 85.0},
    {"key": "FILTER_FREQ", "value": 65.0},
    {"key": "FILTER_RESO", "value": 45.0},
    {"key": "PUNCH", "value": 100.0},
    {"key": "TRANSIENT", "value": 75.0},
    {"key": "BOOST", "value": 35.0},
    {"key": "REVERB", "value": 12.0},
    {"key": "DURATION", "value": 180.0}
  ]
}