{
  "engine": "Metalic",
  "engineType": "Drum",
  "description": "Trap hi-hat with crisp metallic tone",
  "values": [
    {"key": "ENGINE", "value": 0},
    {"key": "BASE_FREQ", "value": 7500.0},
    {"key": "RESONATOR", "value": 0.32},
    {"key": "TIMBRE", "value": 72.0},
    {"key": "DRIVE", "value": 8.0},
    {"key": "TONE_DECAY", "value": 0.008},
    {"key": "REVERB", "value": 12.0},
    {"key": "FM_FREQ", "value": 1850.0},
    {"key": "FM_AMP", "value": 28.0},
    {"key": "ENV_MOD", "value": 48.0},
    {"key": "ENV_SHAPE", "value": 0.15},
    {"key": "DURATION", "value": 95.0}
  ]
}