{
    "Track5": {
        "values": [
            {"key": "ENGINE", "value": 12.0},
            {"key": "VAL_3", "value": -12.0},
            {"key": "VAL_4", "value": 65.0},
            {"key": "VAL_5", "value": 0.25},
            {"key": "VAL_6", "value": 85.0},
            {"key": "VAL_7", "value": 45.0},
            {"key": "VAL_8", "value": 62.0},
            {"key": "VAL_9", "value": 35.0},
            {"key": "VAL_10", "value": 8.0},
            {"key": "VAL_11", "value": 42.0},
            {"key": "VAL_12", "value": 18.0},
            {"key": "DURATION", "value": 450.0},
            {"key": "AMP_MORPH", "value": 50.0}
        ]
    },
    "Sequencer": {"STATUS": 1.0, "STEP_COUNT": 32, "STEPS": [
        {"position": 0, "len": 4, "enabled": true, "note": 33, "velocity": 1.0, "condition": "---", "motion": "---"},
        {"position": 6, "len": 3, "enabled": true, "note": 36, "velocity": 0.9, "condition": "---", "motion": "---"},
        {"position": 10, "len": 4, "enabled": true, "note": 33, "velocity": 0.95, "condition": "---", "motion": "---"},
        {"position": 16, "len": 3, "enabled": true, "note": 38, "velocity": 1.0, "condition": "---", "motion": "---"},
        {"position": 20, "len": 4, "enabled": true, "note": 33, "velocity": 0.85, "condition": "---", "motion": "---"},
        {"position": 26, "len": 4, "enabled": true, "note": 36, "velocity": 0.9, "condition": "---", "motion": "---"}
    ]},
    "SerializeTrack": {"CLIP": 0.0}
}
