{
    "Track4": {
        "values": [
            {"key": "ENGINE", "value": 4.0},
            {"key": "VAL_3", "value": 280.0},
            {"key": "VAL_4", "value": 14.0},
            {"key": "VAL_5", "value": -25.0},
            {"key": "VAL_6", "value": 380.0},
            {"key": "VAL_7", "value": 42.0},
            {"key": "VAL_8", "value": 3.0},
            {"key": "VAL_9", "value": 48.0},
            {"key": "VAL_10", "value": 52.0},
            {"key": "VAL_11", "value": 14.0},
            {"key": "VAL_12", "value": 10.0},
            {"key": "DURATION", "value": 200.0},
            {"key": "AMP_MORPH", "value": 50.0}
        ]
    },
    "Sequencer": {"STATUS": 1.0, "STEP_COUNT": 32, "STEPS": [
        {"position": 3, "len": 1, "enabled": true, "note": 45, "velocity": 0.7, "condition": "---", "motion": "---"},
        {"position": 11, "len": 1, "enabled": true, "note": 45, "velocity": 0.65, "condition": "50%", "motion": "---"},
        {"position": 14, "len": 1, "enabled": true, "note": 48, "velocity": 0.6, "condition": "---", "motion": "---"},
        {"position": 19, "len": 1, "enabled": true, "note": 45, "velocity": 0.7, "condition": "---", "motion": "---"},
        {"position": 26, "len": 1, "enabled": true, "note": 48, "velocity": 0.55, "condition": "Pair", "motion": "---"},
        {"position": 30, "len": 1, "enabled": true, "note": 45, "velocity": 0.6, "condition": "50%", "motion": "---"}
    ]},
    "SerializeTrack": {"CLIP": 0.0}
}
