{
  "engine": "Metalic",
  "engineType": "Drum",
  "values": [
    {"key": "ENGINE", "value": 3},
    {"key": "BASE_FREQ", "value": 300.0},
    {"key": "RESONATOR", "value": 0.6},
    {"key": "TIMBRE", "value": 40.0},
    {"key": "DRIVE", "value": 0.0},
    {"key": "TONE_DECAY", "value": 0.05},
    {"key": "REVERB", "value": 30.0},
    {"key": "FM_FREQ", "value": 150.0},
    {"key": "FM_AMP", "value": 20.0},
    {"key": "ENV_MOD", "value": 30.0},
    {"key": "ENV_SHAPE", "value": 1.0},
    {"key": "DURATION", "value": 60.0}
  ]
}
