{
  "engine": "FM",
  "engineType": "Synth",
  "values": [
    {"key": "ENGINE", "value": 9},
    {"key": "BODY", "value": 0.0},
    {"key": "TONE", "value": 120.0},
    {"key": "SNAP", "value": 180.0},
    {"key": "COLOR", "value": 25.0},
    {"key": "PITCH_ENV", "value": 15.0},
    {"key": "LFO_RATE", "value": 0.0},
    {"key": "CUTOFF", "value": 0.0},
    {"key": "RESONANCE", "value": 0.0},
    {"key": "FX_TYPE", "value": 2},
    {"key": "FX_AMOUNT", "value": 40.0},
    {"key": "DURATION", "value": 55.0}
  ]
}
