{
    "Track5": {
        "values": [
            {"key": "ENGINE", "value": 13.0},
            {"key": "VAL_3", "value": 0.0},
            {"key": "VAL_4", "value": 3.0},
            {"key": "VAL_5", "value": 65.0},
            {"key": "VAL_6", "value": 28.0},
            {"key": "VAL_7", "value": 48.0},
            {"key": "VAL_8", "value": 55.0},
            {"key": "VAL_9", "value": 2.0},
            {"key": "VAL_10", "value": 52.0},
            {"key": "VAL_11", "value": 22.0},
            {"key": "VAL_12", "value": 42.0},
            {"key": "DURATION", "value": 2500.0},
            {"key": "AMP_MORPH", "value": 50.0}
        ]
    },
    "Sequencer": {"STATUS": 1.0, "STEP_COUNT": 32, "STEPS": [
        {"position": 0, "len": 28, "enabled": true, "note": 64, "velocity": 0.45, "condition": "---", "motion": "---"},
        {"position": 16, "len": 16, "enabled": true, "note": 68, "velocity": 0.4, "condition": "Pair", "motion": "---"}
    ]},
    "SerializeTrack": {"CLIP": 0.0}
}
