{
  "engine": "Kick",
  "engineType": "Drum",
  "description": "Hard techno kick with heavy transient and clipping distortion",
  "values": [
    {"key": "ENGINE", "value": 4},
    {"key": "ENVELOPE_SHAPE", "value": 82.0},
    {"key": "WAVEFORM_TYPE", "value": 15},
    {"key": "PITCH", "value": 2},
    {"key": "TRANSIENT", "value": 100.0},
    {"key": "CUTOFF", "value": -8.0},
    {"key": "RESONANCE", "value": 5.0},
    {"key": "FX_TYPE", "value": 12},
    {"key": "FX_AMOUNT", "value": 55.0},
    {"key": "FX2_TYPE", "value": 9},
    {"key": "FX2_AMOUNT", "value": 35.0},
    {"key": "DURATION", "value": 350.0}
  ]
}