{
    "Track4": {
        "values": [
            {"key": "ENGINE", "value": 9.0},
            {"key": "VAL_3", "value": 0.0},
            {"key": "VAL_4", "value": 2.0},
            {"key": "VAL_5", "value": 3.5},
            {"key": "VAL_6", "value": 4.0},
            {"key": "VAL_7", "value": 0.35},
            {"key": "VAL_8", "value": 52.0},
            {"key": "VAL_9", "value": -12.0},
            {"key": "VAL_10", "value": 22.0},
            {"key": "VAL_11", "value": 4.0},
            {"key": "VAL_12", "value": 15.0},
            {"key": "DURATION", "value": 220.0},
            {"key": "AMP_MORPH", "value": 50.0}
        ]
    },
    "Sequencer": {"STATUS": 1.0, "STEP_COUNT": 32, "STEPS": [
        {"position": 0, "len": 1, "enabled": true, "note": 65, "velocity": 0.8, "condition": "---", "motion": "---"},
        {"position": 2, "len": 1, "enabled": true, "note": 68, "velocity": 0.7, "condition": "---", "motion": "---"},
        {"position": 4, "len": 1, "enabled": true, "note": 72, "velocity": 0.75, "condition": "---", "motion": "---"},
        {"position": 6, "len": 1, "enabled": true, "note": 68, "velocity": 0.7, "condition": "---", "motion": "---"},
        {"position": 8, "len": 1, "enabled": true, "note": 65, "velocity": 0.8, "condition": "---", "motion": "---"},
        {"position": 10, "len": 1, "enabled": true, "note": 68, "velocity": 0.7, "condition": "---", "motion": "---"},
        {"position": 12, "len": 1, "enabled": true, "note": 72, "velocity": 0.75, "condition": "---", "motion": "---"},
        {"position": 14, "len": 1, "enabled": true, "note": 77, "velocity": 0.65, "condition": "50%", "motion": "---"},
        {"position": 16, "len": 1, "enabled": true, "note": 63, "velocity": 0.8, "condition": "---", "motion": "---"},
        {"position": 18, "len": 1, "enabled": true, "note": 68, "velocity": 0.7, "condition": "---", "motion": "---"},
        {"position": 20, "len": 1, "enabled": true, "note": 72, "velocity": 0.75, "condition": "---", "motion": "---"},
        {"position": 22, "len": 1, "enabled": true, "note": 68, "velocity": 0.7, "condition": "---", "motion": "---"},
        {"position": 24, "len": 1, "enabled": true, "note": 65, "velocity": 0.8, "condition": "---", "motion": "---"},
        {"position": 26, "len": 1, "enabled": true, "note": 68, "velocity": 0.7, "condition": "---", "motion": "---"},
        {"position": 28, "len": 1, "enabled": true, "note": 72, "velocity": 0.75, "condition": "---", "motion": "---"},
        {"position": 30, "len": 1, "enabled": true, "note": 75, "velocity": 0.65, "condition": "---", "motion": "---"}
    ]},
    "SerializeTrack": {"CLIP": 0.0}
}
