{
  "engine": "Kick",
  "engineType": "Drum",
  "values": [
    {"key": "ENGINE", "value": 0},
    {"key": "ENVELOPE_SHAPE", "value": 35.0},
    {"key": "WAVEFORM_TYPE", "value": 80.0},
    {"key": "PITCH", "value": -3},
    {"key": "TRANSIENT", "value": 60.0},
    {"key": "CUTOFF", "value": 0.0},
    {"key": "RESONANCE", "value": 15.0},
    {"key": "FX_TYPE", "value": 0},
    {"key": "FX_AMOUNT", "value": 0.0},
    {"key": "FX2_TYPE", "value": 0},
    {"key": "FX2_AMOUNT", "value": 0.0},
    {"key": "DURATION", "value": 55.0}
  ]
}
