{
    "Track5": {
        "values": [
            {"key": "ENGINE", "value": 12.0},
            {"key": "VAL_3", "value": 0.0},
            {"key": "VAL_4", "value": 72.0},
            {"key": "VAL_5", "value": 0.35},
            {"key": "VAL_6", "value": 95.0},
            {"key": "VAL_7", "value": 32.0},
            {"key": "VAL_8", "value": 48.0},
            {"key": "VAL_9", "value": 28.0},
            {"key": "VAL_10", "value": 18.0},
            {"key": "VAL_11", "value": 55.0},
            {"key": "VAL_12", "value": 25.0},
            {"key": "DURATION", "value": 1200.0},
            {"key": "AMP_MORPH", "value": 50.0}
        ]
    },
    "Sequencer": {"STATUS": 1.0, "STEP_COUNT": 32, "STEPS": [
        {"position": 0, "len": 14, "enabled": true, "note": 57, "velocity": 0.7, "condition": "---", "motion": "---"},
        {"position": 0, "len": 14, "enabled": true, "note": 60, "velocity": 0.65, "condition": "---", "motion": "---"},
        {"position": 0, "len": 14, "enabled": true, "note": 64, "velocity": 0.6, "condition": "---", "motion": "---"},
        {"position": 16, "len": 14, "enabled": true, "note": 55, "velocity": 0.7, "condition": "---", "motion": "---"},
        {"position": 16, "len": 14, "enabled": true, "note": 59, "velocity": 0.65, "condition": "---", "motion": "---"},
        {"position": 16, "len": 14, "enabled": true, "note": 62, "velocity": 0.6, "condition": "---", "motion": "---"}
    ]},
    "SerializeTrack": {"CLIP": 0.0}
}
