{
    "Track5": {
        "values": [
            {"key": "ENGINE", "value": 14.0},
            {"key": "VAL_3", "value": -12.0},
            {"key": "VAL_4", "value": 15.0},
            {"key": "VAL_5", "value": 1.0},
            {"key": "VAL_6", "value": 25.0},
            {"key": "VAL_7", "value": 65.0},
            {"key": "VAL_8", "value": 72.0},
            {"key": "VAL_9", "value": 0.0},
            {"key": "VAL_10", "value": 0.0},
            {"key": "VAL_11", "value": 8.0},
            {"key": "VAL_12", "value": 25.0},
            {"key": "DURATION", "value": 280.0},
            {"key": "AMP_MORPH", "value": 50.0}
        ]
    },
    "Sequencer": {"STATUS": 1.0, "STEP_COUNT": 32, "STEPS": [
        {"position": 0, "len": 2, "enabled": true, "note": 28, "velocity": 1.0, "condition": "---", "motion": "---"},
        {"position": 3, "len": 1, "enabled": true, "note": 28, "velocity": 0.7, "condition": "---", "motion": "---"},
        {"position": 6, "len": 2, "enabled": true, "note": 31, "velocity": 0.9, "condition": "---", "motion": "---"},
        {"position": 8, "len": 2, "enabled": true, "note": 28, "velocity": 0.95, "condition": "---", "motion": "---"},
        {"position": 12, "len": 2, "enabled": true, "note": 33, "velocity": 0.85, "condition": "---", "motion": "---"},
        {"position": 14, "len": 1, "enabled": true, "note": 31, "velocity": 0.7, "condition": "---", "motion": "---"},
        {"position": 16, "len": 2, "enabled": true, "note": 28, "velocity": 1.0, "condition": "---", "motion": "---"},
        {"position": 19, "len": 1, "enabled": true, "note": 28, "velocity": 0.7, "condition": "---", "motion": "---"},
        {"position": 22, "len": 2, "enabled": true, "note": 31, "velocity": 0.9, "condition": "---", "motion": "---"},
        {"position": 24, "len": 2, "enabled": true, "note": 28, "velocity": 0.95, "condition": "---", "motion": "---"},
        {"position": 28, "len": 2, "enabled": true, "note": 35, "velocity": 0.85, "condition": "---", "motion": "---"},
        {"position": 30, "len": 1, "enabled": true, "note": 33, "velocity": 0.7, "condition": "---", "motion": "---"}
    ]},
    "SerializeTrack": {"CLIP": 0.0}
}
