{
  "engine": "SuperSaw",
  "engineType": "Synth",
  "description": "Tearing DNB lead with heavy detuning and aggression",
  "values": [
    {"key": "ENGINE", "value": 12},
    {"key": "BODY", "value": 0},
    {"key": "VOICES", "value": 6},
    {"key": "DETUNE", "value": 32.0},
    {"key": "NOISE", "value": 8.0},
    {"key": "CUTOFF", "value": -15.0},
    {"key": "RES", "value": 22.0},
    {"key": "FX_TYPE", "value": 8},
    {"key": "FX_AMOUNT", "value": 42.0},
    {"key": "FX2_TYPE", "value": 1},
    {"key": "FX2_AMOUNT", "value": 28.0},
    {"key": "DURATION", "value": 650.0}
  ]
}