{
  "engine": "Bass",
  "engineType": "Synth",
  "description": "Driving acid-style techno bass with resonant filter",
  "values": [
    {"key": "ENGINE", "value": 14},
    {"key": "PITCH", "value": 0},
    {"key": "BEND", "value": 5.0},
    {"key": "WAVEFORM_TYPE", "value": 2},
    {"key": "SHAPE", "value": 45.0},
    {"key": "CUTOFF", "value": 62.0},
    {"key": "RESONANCE", "value": 72.0},
    {"key": "FX_TYPE", "value": 8},
    {"key": "FX_AMOUNT", "value": 38.0},
    {"key": "FX2_TYPE", "value": 9},
    {"key": "FX2_AMOUNT", "value": 42.0},
    {"key": "DURATION", "value": 300.0}
  ]
}