{
  "engine": "Kick",
  "engineType": "Drum",
  "description": "Classic 4/4 house kick with warm body and moderate punch",
  "values": [
    {"key": "ENGINE", "value": 4},
    {"key": "ENVELOPE_SHAPE", "value": 55.0},
    {"key": "WAVEFORM_TYPE", "value": 25},
    {"key": "PITCH", "value": 0},
    {"key": "TRANSIENT", "value": 72.0},
    {"key": "CUTOFF", "value": -18.0},
    {"key": "RESONANCE", "value": 12.0},
    {"key": "FX_TYPE", "value": 7},
    {"key": "FX_AMOUNT", "value": 25.0},
    {"key": "FX2_TYPE", "value": 0},
    {"key": "FX2_AMOUNT", "value": 0.0},
    {"key": "DURATION", "value": 420.0}
  ]
}