{
    "Track1": {
        "values": [
            {"key": "ENGINE", "value": 4.0},
            {"key": "VAL_3", "value": 85.0},
            {"key": "VAL_4", "value": 0.0},
            {"key": "VAL_5", "value": 2.0},
            {"key": "VAL_6", "value": 100.0},
            {"key": "VAL_7", "value": -22.0},
            {"key": "VAL_8", "value": 5.0},
            {"key": "VAL_9", "value": 8.0},
            {"key": "VAL_10", "value": 25.0},
            {"key": "VAL_11", "value": 0.0},
            {"key": "VAL_12", "value": 0.0},
            {"key": "DURATION", "value": 280.0},
            {"key": "AMP_MORPH", "value": 50.0}
        ]
    },
    "Sequencer": {"STATUS": 1.0, "STEP_COUNT": 32, "STEPS": [
        {"position": 0, "len": 2, "enabled": true, "note": 36, "velocity": 1.0, "condition": "---", "motion": "---"},
        {"position": 4, "len": 2, "enabled": true, "note": 36, "velocity": 0.98, "condition": "---", "motion": "---"},
        {"position": 8, "len": 2, "enabled": true, "note": 36, "velocity": 1.0, "condition": "---", "motion": "---"},
        {"position": 12, "len": 2, "enabled": true, "note": 36, "velocity": 0.98, "condition": "---", "motion": "---"},
        {"position": 16, "len": 2, "enabled": true, "note": 36, "velocity": 1.0, "condition": "---", "motion": "---"},
        {"position": 20, "len": 2, "enabled": true, "note": 36, "velocity": 0.98, "condition": "---", "motion": "---"},
        {"position": 24, "len": 2, "enabled": true, "note": 36, "velocity": 1.0, "condition": "---", "motion": "---"},
        {"position": 28, "len": 2, "enabled": true, "note": 36, "velocity": 0.98, "condition": "---", "motion": "---"},
        {"position": 30, "len": 1, "enabled": true, "note": 36, "velocity": 0.7, "condition": "Pair", "motion": "---"}
    ]},
    "SerializeTrack": {"CLIP": 0.0}
}
