{
  "engine": "FM",
  "engineType": "Synth",
  "values": [
    {"key": "ENGINE", "value": 9},
    {"key": "BODY", "value": 0.0},
    {"key": "TONE", "value": 100.0},
    {"key": "SNAP", "value": 200.0},
    {"key": "COLOR", "value": 30.0},
    {"key": "PITCH_ENV", "value": 20.0},
    {"key": "LFO_RATE", "value": 0.0},
    {"key": "CUTOFF", "value": 0.0},
    {"key": "RESONANCE", "value": 0.0},
    {"key": "FX_TYPE", "value": 0},
    {"key": "FX_AMOUNT", "value": 0.0},
    {"key": "DURATION", "value": 50.0}
  ]
}
