{
    "Track5": {
        "values": [
            {"key": "ENGINE", "value": 12.0},
            {"key": "VAL_3", "value": 2.0},
            {"key": "VAL_4", "value": 42.0},
            {"key": "VAL_5", "value": 2.0},
            {"key": "VAL_6", "value": 50.0},
            {"key": "VAL_7", "value": 28.0},
            {"key": "VAL_8", "value": 38.0},
            {"key": "VAL_9", "value": 35.0},
            {"key": "VAL_10", "value": 52.0},
            {"key": "VAL_11", "value": 18.0},
            {"key": "VAL_12", "value": 5.0},
            {"key": "DURATION", "value": 550.0},
            {"key": "AMP_MORPH", "value": 50.0}
        ]
    },
    "Sequencer": {"STATUS": 1.0, "STEP_COUNT": 32, "STEPS": [
        {"position": 0, "len": 5, "enabled": true, "note": 33, "velocity": 0.9, "condition": "---", "motion": "---"},
        {"position": 6, "len": 3, "enabled": true, "note": 36, "velocity": 0.8, "condition": "---", "motion": "---"},
        {"position": 10, "len": 4, "enabled": true, "note": 31, "velocity": 0.75, "condition": "50%", "motion": "---"},
        {"position": 16, "len": 5, "enabled": true, "note": 33, "velocity": 0.9, "condition": "---", "motion": "---"},
        {"position": 22, "len": 3, "enabled": true, "note": 38, "velocity": 0.75, "condition": "---", "motion": "---"},
        {"position": 27, "len": 4, "enabled": true, "note": 36, "velocity": 0.7, "condition": "Pair", "motion": "---"}
    ]},
    "SerializeTrack": {"CLIP": 0.0}
}
