{
  "engine": "Bass",
  "engineType": "Synth",
  "description": "Groovy house bassline with filter movement",
  "values": [
    {"key": "ENGINE", "value": 14},
    {"key": "PITCH", "value": 0},
    {"key": "BEND", "value": 8.0},
    {"key": "WAVEFORM_TYPE", "value": 1},
    {"key": "SHAPE", "value": 22.0},
    {"key": "CUTOFF", "value": 55.0},
    {"key": "RESONANCE", "value": 35.0},
    {"key": "FX_TYPE", "value": 9},
    {"key": "FX_AMOUNT", "value": 28.0},
    {"key": "FX2_TYPE", "value": 0},
    {"key": "FX2_AMOUNT", "value": 0.0},
    {"key": "DURATION", "value": 380.0}
  ]
}