{
  "engine": "Clap",
  "engineType": "Drum",
  "description": "Crisp trap clap with tight reverb",
  "values": [
    {"key": "ENGINE", "value": 3},
    {"key": "NOISE_TYPE", "value": 2},
    {"key": "SPREAD", "value": 28.0},
    {"key": "TONE", "value": 15.0},
    {"key": "BRIGHTNESS", "value": 35.0},
    {"key": "ENV_ATTACK", "value": 8.0},
    {"key": "ENV_DECAY", "value": 185.0},
    {"key": "FX_TYPE", "value": 2},
    {"key": "FX_AMOUNT", "value": 32.0},
    {"key": "CUTOFF", "value": 8.0},
    {"key": "RESONANCE", "value": 12.0},
    {"key": "DURATION", "value": 280.0}
  ]
}