{
    "Track6": {
        "values": [
            {"key": "ENGINE", "value": 14.0},
            {"key": "VAL_3", "value": -12.0},
            {"key": "VAL_4", "value": 0.0},
            {"key": "VAL_5", "value": 0.0},
            {"key": "VAL_6", "value": 0.0},
            {"key": "VAL_7", "value": 25.0},
            {"key": "VAL_8", "value": 12.0},
            {"key": "VAL_9", "value": 1.0},
            {"key": "VAL_10", "value": 45.0},
            {"key": "VAL_11", "value": 22.0},
            {"key": "VAL_12", "value": 28.0},
            {"key": "DURATION", "value": 3000.0},
            {"key": "AMP_MORPH", "value": 50.0}
        ]
    },
    "Sequencer": {"STATUS": 1.0, "STEP_COUNT": 32, "STEPS": [
        {"position": 0, "len": 32, "enabled": true, "note": 28, "velocity": 0.6, "condition": "---", "motion": "---"}
    ]},
    "SerializeTrack": {"CLIP": 0.0}
}
