{
  "engine": "FM",
  "engineType": "Synth",
  "description": "Smooth Rhodes-style keys for hip hop",
  "values": [
    {"key": "ENGINE", "value": 9},
    {"key": "PITCH", "value": 0},
    {"key": "RATIO", "value": 1.0},
    {"key": "FM_INDEX", "value": 1.8},
    {"key": "FM_ATTACK", "value": 8.0},
    {"key": "FM_DECAY", "value": 0.65},
    {"key": "BRIGHTNESS", "value": 28.0},
    {"key": "CUTOFF", "value": -18.0},
    {"key": "RESONANCE", "value": 12.0},
    {"key": "FX_TYPE", "value": 1},
    {"key": "FX_AMOUNT", "value": 25.0},
    {"key": "DURATION", "value": 550.0}
  ]
}