{
  "engine": "Clap",
  "engineType": "Drum",
  "values": [
    {"key": "ENGINE", "value": 1},
    {"key": "DECAY", "value": 20.0},
    {"key": "BURSTS", "value": 4},
    {"key": "SPACING", "value": 25.0},
    {"key": "NOISE_COLOR", "value": 75.0},
    {"key": "FILTER_FREQ", "value": 60.0},
    {"key": "FILTER_RESO", "value": 35.0},
    {"key": "PUNCH", "value": 30.0},
    {"key": "TRANSIENT", "value": 30.0},
    {"key": "BOOST", "value": 20.0},
    {"key": "REVERB", "value": 20.0},
    {"key": "DURATION", "value": 45.0}
  ]
}
