{
  "engine": "String",
  "engineType": "Synth",
  "values": [
    {"key": "ENGINE", "value": 17},
    {"key": "PITCH", "value": 0.0},
    {"key": "DECAY", "value": 0.96},
    {"key": "TONE", "value": 60.0},
    {"key": "SUSTAIN_EXCITE", "value": 30.0},
    {"key": "VIBRATO_RATE", "value": 5.0},
    {"key": "VIBRATO_DEPTH", "value": 15.0},
    {"key": "CUTOFF", "value": 0.0},
    {"key": "RESONANCE", "value": 0.0},
    {"key": "FX_TYPE", "value": 2},
    {"key": "FX_AMOUNT", "value": 30.0},
    {"key": "FX2_TYPE", "value": 0},
    {"key": "FX2_AMOUNT", "value": 0.0}
  ]
}
