{
  "engine": "SuperSaw",
  "engineType": "Synth",
  "values": [
    {"key": "ENGINE", "value": 13},
    {"key": "BODY", "value": 12.0},
    {"key": "VOICES", "value": 3},
    {"key": "DETUNE", "value": 5.0},
    {"key": "NOISE", "value": 0.0},
    {"key": "CUTOFF", "value": 30.0},
    {"key": "RES", "value": 40.0},
    {"key": "FX_TYPE", "value": 0},
    {"key": "FX_AMOUNT", "value": 0.0},
    {"key": "FX2_TYPE", "value": 0},
    {"key": "FX2_AMOUNT", "value": 0.0},
    {"key": "DURATION", "value": 50.0}
  ]
}
