{
    "Track4": {
        "values": [
            {"key": "ENGINE", "value": 3.0},
            {"key": "VAL_3", "value": 0.0},
            {"key": "VAL_4", "value": 8.0},
            {"key": "VAL_5", "value": 5.0},
            {"key": "VAL_6", "value": 12.0},
            {"key": "VAL_7", "value": 12.0},
            {"key": "VAL_8", "value": 145.0},
            {"key": "VAL_9", "value": 0.0},
            {"key": "VAL_10", "value": 0.0},
            {"key": "VAL_11", "value": -15.0},
            {"key": "VAL_12", "value": 5.0},
            {"key": "DURATION", "value": 120.0},
            {"key": "AMP_MORPH", "value": 50.0}
        ]
    },
    "Sequencer": {"STATUS": 1.0, "STEP_COUNT": 32, "STEPS": [
        {"position": 2, "len": 1, "enabled": true, "note": 70, "velocity": 0.45, "condition": "---", "motion": "---"},
        {"position": 6, "len": 1, "enabled": true, "note": 70, "velocity": 0.4, "condition": "50%", "motion": "---"},
        {"position": 10, "len": 1, "enabled": true, "note": 70, "velocity": 0.45, "condition": "---", "motion": "---"},
        {"position": 18, "len": 1, "enabled": true, "note": 70, "velocity": 0.45, "condition": "---", "motion": "---"},
        {"position": 22, "len": 1, "enabled": true, "note": 70, "velocity": 0.4, "condition": "50%", "motion": "---"},
        {"position": 26, "len": 1, "enabled": true, "note": 70, "velocity": 0.45, "condition": "---", "motion": "---"}
    ]},
    "SerializeTrack": {"CLIP": 0.0}
}
