{
    "Track4": {
        "values": [
            {"key": "ENGINE", "value": 1.0},
            {"key": "VAL_3", "value": 680.0},
            {"key": "VAL_4", "value": 82.0},
            {"key": "VAL_5", "value": 25.0},
            {"key": "VAL_6", "value": 0.015},
            {"key": "VAL_7", "value": 0.08},
            {"key": "VAL_8", "value": 55.0},
            {"key": "VAL_9", "value": 12.0},
            {"key": "VAL_10", "value": 15.0},
            {"key": "VAL_11", "value": 58.0},
            {"key": "VAL_12", "value": 0.12},
            {"key": "DURATION", "value": 95.0},
            {"key": "AMP_MORPH", "value": 50.0}
        ]
    },
    "Sequencer": {"STATUS": 1.0, "STEP_COUNT": 32, "STEPS": [
        {"position": 2, "len": 1, "enabled": true, "note": 37, "velocity": 0.7, "condition": "---", "motion": "---"},
        {"position": 6, "len": 1, "enabled": true, "note": 37, "velocity": 0.6, "condition": "50%", "motion": "---"},
        {"position": 10, "len": 1, "enabled": true, "note": 37, "velocity": 0.7, "condition": "---", "motion": "---"},
        {"position": 18, "len": 1, "enabled": true, "note": 37, "velocity": 0.7, "condition": "---", "motion": "---"},
        {"position": 22, "len": 1, "enabled": true, "note": 37, "velocity": 0.6, "condition": "50%", "motion": "---"},
        {"position": 26, "len": 1, "enabled": true, "note": 37, "velocity": 0.7, "condition": "---", "motion": "---"}
    ]},
    "SerializeTrack": {"CLIP": 0.0}
}
