{
    "Track6": {
        "values": [
            {"key": "ENGINE", "value": 9.0},
            {"key": "VAL_3", "value": 0.0},
            {"key": "VAL_4", "value": 2.0},
            {"key": "VAL_5", "value": 2.8},
            {"key": "VAL_6", "value": 5.0},
            {"key": "VAL_7", "value": 0.45},
            {"key": "VAL_8", "value": 42.0},
            {"key": "VAL_9", "value": -15.0},
            {"key": "VAL_10", "value": 18.0},
            {"key": "VAL_11", "value": 2.0},
            {"key": "VAL_12", "value": 28.0},
            {"key": "DURATION", "value": 350.0},
            {"key": "AMP_MORPH", "value": 50.0}
        ]
    },
    "Sequencer": {"STATUS": 1.0, "STEP_COUNT": 32, "STEPS": [
        {"position": 0, "len": 2, "enabled": true, "note": 69, "velocity": 0.85, "condition": "---", "motion": "---"},
        {"position": 3, "len": 1, "enabled": true, "note": 72, "velocity": 0.7, "condition": "---", "motion": "---"},
        {"position": 8, "len": 3, "enabled": true, "note": 67, "velocity": 0.8, "condition": "---", "motion": "---"},
        {"position": 14, "len": 2, "enabled": true, "note": 69, "velocity": 0.75, "condition": "---", "motion": "---"},
        {"position": 18, "len": 1, "enabled": true, "note": 64, "velocity": 0.7, "condition": "50%", "motion": "---"},
        {"position": 24, "len": 4, "enabled": true, "note": 60, "velocity": 0.85, "condition": "---", "motion": "---"},
        {"position": 30, "len": 2, "enabled": true, "note": 67, "velocity": 0.7, "condition": "Pair", "motion": "---"}
    ]},
    "SerializeTrack": {"CLIP": 0.0}
}
