{
  "engine": "Metalic",
  "engineType": "Drum",
  "values": [
    {"key": "ENGINE", "value": 3},
    {"key": "BASE_FREQ", "value": 350.0},
    {"key": "RESONATOR", "value": 0.3},
    {"key": "TIMBRE", "value": 20.0},
    {"key": "DRIVE", "value": 0.0},
    {"key": "TONE_DECAY", "value": 0.02},
    {"key": "REVERB", "value": 10.0},
    {"key": "FM_FREQ", "value": 200.0},
    {"key": "FM_AMP", "value": 10.0},
    {"key": "ENV_MOD", "value": 50.0},
    {"key": "ENV_SHAPE", "value": 2.0},
    {"key": "DURATION", "value": 30.0}
  ]
}
