{
    "Track1": {
        "values": [
            {"key": "ENGINE", "value": 4.0},
            {"key": "VAL_3", "value": 72.0},
            {"key": "VAL_4", "value": 50.0},
            {"key": "VAL_5", "value": 4.0},
            {"key": "VAL_6", "value": 95.0},
            {"key": "VAL_7", "value": -25.0},
            {"key": "VAL_8", "value": 8.0},
            {"key": "VAL_9", "value": 12.0},
            {"key": "VAL_10", "value": 35.0},
            {"key": "VAL_11", "value": 0.0},
            {"key": "VAL_12", "value": 0.0},
            {"key": "DURATION", "value": 320.0},
            {"key": "AMP_MORPH", "value": 50.0}
        ]
    },
    "Sequencer": {"STATUS": 1.0, "STEP_COUNT": 32, "STEPS": [
        {"position": 0, "len": 2, "enabled": true, "note": 36, "velocity": 1.0, "condition": "---", "motion": "---"},
        {"position": 6, "len": 2, "enabled": true, "note": 36, "velocity": 0.85, "condition": "---", "motion": "---"},
        {"position": 10, "len": 2, "enabled": true, "note": 36, "velocity": 0.9, "condition": "---", "motion": "---"},
        {"position": 16, "len": 2, "enabled": true, "note": 36, "velocity": 1.0, "condition": "---", "motion": "---"},
        {"position": 20, "len": 2, "enabled": true, "note": 36, "velocity": 0.75, "condition": "---", "motion": "---"},
        {"position": 26, "len": 2, "enabled": true, "note": 36, "velocity": 0.85, "condition": "---", "motion": "---"}
    ]},
    "SerializeTrack": {"CLIP": 0.0}
}
