{
    "Track2": {
        "values": [
            {"key": "ENGINE", "value": 1.0},
            {"key": "VAL_3", "value": 22.0},
            {"key": "VAL_4", "value": 5.0},
            {"key": "VAL_5", "value": 14.0},
            {"key": "VAL_6", "value": 50.0},
            {"key": "VAL_7", "value": 55.0},
            {"key": "VAL_8", "value": 22.0},
            {"key": "VAL_9", "value": 70.0},
            {"key": "VAL_10", "value": 45.0},
            {"key": "VAL_11", "value": 32.0},
            {"key": "VAL_12", "value": 22.0},
            {"key": "DURATION", "value": 260.0},
            {"key": "AMP_MORPH", "value": 50.0}
        ]
    },
    "Sequencer": {"STATUS": 1.0, "STEP_COUNT": 32, "STEPS": [
        {"position": 4, "len": 2, "enabled": true, "note": 38, "velocity": 1.0, "condition": "---", "motion": "---"},
        {"position": 12, "len": 2, "enabled": true, "note": 38, "velocity": 0.95, "condition": "---", "motion": "---"},
        {"position": 20, "len": 2, "enabled": true, "note": 38, "velocity": 1.0, "condition": "---", "motion": "---"},
        {"position": 28, "len": 2, "enabled": true, "note": 38, "velocity": 0.95, "condition": "---", "motion": "---"}
    ]},
    "SerializeTrack": {"CLIP": 0.0}
}
