{
  "engine": "Bass",
  "engineType": "Synth",
  "description": "808 sub bass with sustained tail",
  "values": [
    {"key": "ENGINE", "value": 14},
    {"key": "PITCH", "value": -12},
    {"key": "BEND", "value": -8.0},
    {"key": "WAVEFORM_TYPE", "value": 0},
    {"key": "SHAPE", "value": 0.0},
    {"key": "CUTOFF", "value": 32.0},
    {"key": "RESONANCE", "value": 55.0},
    {"key": "FX_TYPE", "value": 9},
    {"key": "FX_AMOUNT", "value": 42.0},
    {"key": "FX2_TYPE", "value": 8},
    {"key": "FX2_AMOUNT", "value": 18.0},
    {"key": "DURATION", "value": 650.0}
  ]
}