{
    "Track6": {
        "values": [
            {"key": "ENGINE", "value": 14.0},
            {"key": "VAL_3", "value": 0.0},
            {"key": "VAL_4", "value": 0.0},
            {"key": "VAL_5", "value": 0.0},
            {"key": "VAL_6", "value": 0.0},
            {"key": "VAL_7", "value": 28.0},
            {"key": "VAL_8", "value": 22.0},
            {"key": "VAL_9", "value": 1.0},
            {"key": "VAL_10", "value": 25.0},
            {"key": "VAL_11", "value": 14.0},
            {"key": "VAL_12", "value": 15.0},
            {"key": "DURATION", "value": 480.0},
            {"key": "AMP_MORPH", "value": 50.0}
        ]
    },
    "Sequencer": {"STATUS": 1.0, "STEP_COUNT": 32, "STEPS": [
        {"position": 0, "len": 4, "enabled": true, "note": 36, "velocity": 0.8, "condition": "---", "motion": "---"},
        {"position": 6, "len": 2, "enabled": true, "note": 40, "velocity": 0.65, "condition": "---", "motion": "---"},
        {"position": 10, "len": 4, "enabled": true, "note": 43, "velocity": 0.75, "condition": "---", "motion": "---"},
        {"position": 16, "len": 4, "enabled": true, "note": 38, "velocity": 0.8, "condition": "---", "motion": "---"},
        {"position": 22, "len": 2, "enabled": true, "note": 41, "velocity": 0.65, "condition": "---", "motion": "---"},
        {"position": 26, "len": 4, "enabled": true, "note": 36, "velocity": 0.75, "condition": "---", "motion": "---"}
    ]},
    "SerializeTrack": {"CLIP": 0.0}
}
