{
    "Track1": {
        "values": [
            {"key": "ENGINE", "value": 4.0},
            {"key": "VAL_3", "value": 58.0},
            {"key": "VAL_4", "value": 0.0},
            {"key": "VAL_5", "value": 0.0},
            {"key": "VAL_6", "value": 72.0},
            {"key": "VAL_7", "value": -18.0},
            {"key": "VAL_8", "value": 35.0},
            {"key": "VAL_9", "value": 9.0},
            {"key": "VAL_10", "value": 32.0},
            {"key": "VAL_11", "value": 0.0},
            {"key": "VAL_12", "value": 0.0},
            {"key": "DURATION", "value": 380.0},
            {"key": "AMP_MORPH", "value": 50.0}
        ]
    },
    "Sequencer": {"STATUS": 1.0, "STEP_COUNT": 32, "STEPS": [
        {"position": 0, "len": 2, "enabled": true, "note": 36, "velocity": 1.0, "condition": "---", "motion": "---"},
        {"position": 4, "len": 2, "enabled": true, "note": 36, "velocity": 0.95, "condition": "---", "motion": "---"},
        {"position": 8, "len": 2, "enabled": true, "note": 36, "velocity": 1.0, "condition": "---", "motion": "---"},
        {"position": 12, "len": 2, "enabled": true, "note": 36, "velocity": 0.95, "condition": "---", "motion": "---"},
        {"position": 16, "len": 2, "enabled": true, "note": 36, "velocity": 1.0, "condition": "---", "motion": "---"},
        {"position": 20, "len": 2, "enabled": true, "note": 36, "velocity": 0.95, "condition": "---", "motion": "---"},
        {"position": 24, "len": 2, "enabled": true, "note": 36, "velocity": 1.0, "condition": "---", "motion": "---"},
        {"position": 28, "len": 2, "enabled": true, "note": 36, "velocity": 0.95, "condition": "---", "motion": "---"}
    ]},
    "SerializeTrack": {"CLIP": 0.0}
}
