{
    "Track5": {
        "values": [
            {"key": "ENGINE", "value": 14.0},
            {"key": "VAL_3", "value": -12.0},
            {"key": "VAL_4", "value": 12.0},
            {"key": "VAL_5", "value": 2.0},
            {"key": "VAL_6", "value": 45.0},
            {"key": "VAL_7", "value": 72.0},
            {"key": "VAL_8", "value": 65.0},
            {"key": "VAL_9", "value": 8.0},
            {"key": "VAL_10", "value": 35.0},
            {"key": "VAL_11", "value": 0.0},
            {"key": "VAL_12", "value": 0.0},
            {"key": "DURATION", "value": 300.0},
            {"key": "AMP_MORPH", "value": 50.0}
        ]
    },
    "Sequencer": {"STATUS": 1.0, "STEP_COUNT": 32, "STEPS": [
        {"position": 0, "len": 2, "enabled": true, "note": 29, "velocity": 1.0, "condition": "---", "motion": "---"},
        {"position": 3, "len": 1, "enabled": true, "note": 29, "velocity": 0.7, "condition": "---", "motion": "---"},
        {"position": 6, "len": 2, "enabled": true, "note": 32, "velocity": 0.9, "condition": "---", "motion": "---"},
        {"position": 8, "len": 2, "enabled": true, "note": 29, "velocity": 0.95, "condition": "---", "motion": "---"},
        {"position": 12, "len": 2, "enabled": true, "note": 36, "velocity": 0.85, "condition": "---", "motion": "---"},
        {"position": 16, "len": 2, "enabled": true, "note": 27, "velocity": 1.0, "condition": "---", "motion": "---"},
        {"position": 19, "len": 1, "enabled": true, "note": 27, "velocity": 0.7, "condition": "---", "motion": "---"},
        {"position": 22, "len": 2, "enabled": true, "note": 32, "velocity": 0.9, "condition": "---", "motion": "---"},
        {"position": 24, "len": 2, "enabled": true, "note": 29, "velocity": 0.95, "condition": "---", "motion": "---"},
        {"position": 28, "len": 2, "enabled": true, "note": 34, "velocity": 0.85, "condition": "---", "motion": "---"}
    ]},
    "SerializeTrack": {"CLIP": 0.0}
}
