{
    "Track6": {
        "values": [
            {"key": "ENGINE", "value": 9.0},
            {"key": "VAL_3", "value": 0.0},
            {"key": "VAL_4", "value": 3.0},
            {"key": "VAL_5", "value": 4.2},
            {"key": "VAL_6", "value": 3.0},
            {"key": "VAL_7", "value": 0.25},
            {"key": "VAL_8", "value": 58.0},
            {"key": "VAL_9", "value": -8.0},
            {"key": "VAL_10", "value": 25.0},
            {"key": "VAL_11", "value": 2.0},
            {"key": "VAL_12", "value": 18.0},
            {"key": "DURATION", "value": 180.0},
            {"key": "AMP_MORPH", "value": 50.0}
        ]
    },
    "Sequencer": {"STATUS": 1.0, "STEP_COUNT": 32, "STEPS": [
        {"position": 0, "len": 1, "enabled": true, "note": 64, "velocity": 0.85, "condition": "---", "motion": "---"},
        {"position": 6, "len": 1, "enabled": true, "note": 67, "velocity": 0.75, "condition": "---", "motion": "---"},
        {"position": 12, "len": 1, "enabled": true, "note": 64, "velocity": 0.8, "condition": "---", "motion": "---"},
        {"position": 16, "len": 1, "enabled": true, "note": 71, "velocity": 0.85, "condition": "---", "motion": "---"},
        {"position": 22, "len": 1, "enabled": true, "note": 67, "velocity": 0.75, "condition": "---", "motion": "---"},
        {"position": 28, "len": 1, "enabled": true, "note": 64, "velocity": 0.7, "condition": "Pair", "motion": "---"}
    ]},
    "SerializeTrack": {"CLIP": 0.0}
}
