{
    "Track1": {
        "values": [
            {"key": "ENGINE", "value": 0.0},
            {"key": "VAL_3", "value": 38.0},
            {"key": "VAL_4", "value": 70.0},
            {"key": "VAL_5", "value": 3.0},
            {"key": "VAL_6", "value": 60.0},
            {"key": "VAL_7", "value": 0.0},
            {"key": "VAL_8", "value": 22.0},
            {"key": "VAL_9", "value": 2.0},
            {"key": "VAL_10", "value": 35.0},
            {"key": "VAL_11", "value": 0.0},
            {"key": "VAL_12", "value": 0.0},
            {"key": "DURATION", "value": 600.0},
            {"key": "AMP_MORPH", "value": 50.0}
        ]
    },
    "Sequencer": {"STATUS": 1.0, "STEP_COUNT": 32, "STEPS": [
        {"position": 0, "len": 3, "enabled": true, "note": 36, "velocity": 1.0, "condition": "---", "motion": "---"},
        {"position": 6, "len": 2, "enabled": true, "note": 36, "velocity": 0.85, "condition": "---", "motion": "---"},
        {"position": 10, "len": 2, "enabled": true, "note": 36, "velocity": 0.75, "condition": "50%", "motion": "---"},
        {"position": 16, "len": 3, "enabled": true, "note": 36, "velocity": 1.0, "condition": "---", "motion": "---"},
        {"position": 22, "len": 2, "enabled": true, "note": 36, "velocity": 0.8, "condition": "---", "motion": "---"},
        {"position": 27, "len": 2, "enabled": true, "note": 36, "velocity": 0.7, "condition": "Pair", "motion": "---"}
    ]},
    "SerializeTrack": {"CLIP": 0.0}
}
