{
  "engine": "Kick",
  "engineType": "Drum",
  "values": [
    {"key": "ENGINE", "value": 0},
    {"key": "ENVELOPE_SHAPE", "value": 50.0},
    {"key": "WAVEFORM_TYPE", "value": 180.0},
    {"key": "PITCH", "value": 0},
    {"key": "TRANSIENT", "value": 90.0},
    {"key": "CUTOFF", "value": 30.0},
    {"key": "RESONANCE", "value": 40.0},
    {"key": "FX_TYPE", "value": 1},
    {"key": "FX_AMOUNT", "value": 50.0},
    {"key": "FX2_TYPE", "value": 0},
    {"key": "FX2_AMOUNT", "value": 0.0},
    {"key": "DURATION", "value": 40.0}
  ]
}
