{
    "Track2": {
        "values": [
            {"key": "ENGINE", "value": 3.0},
            {"key": "VAL_3", "value": 1.0},
            {"key": "VAL_4", "value": 42.0},
            {"key": "VAL_5", "value": 25.0},
            {"key": "VAL_6", "value": 55.0},
            {"key": "VAL_7", "value": 5.0},
            {"key": "VAL_8", "value": 145.0},
            {"key": "VAL_9", "value": 2.0},
            {"key": "VAL_10", "value": 28.0},
            {"key": "VAL_11", "value": 15.0},
            {"key": "VAL_12", "value": 18.0},
            {"key": "DURATION", "value": 220.0},
            {"key": "AMP_MORPH", "value": 50.0}
        ]
    },
    "Sequencer": {"STATUS": 1.0, "STEP_COUNT": 32, "STEPS": [
        {"position": 4, "len": 2, "enabled": true, "note": 38, "velocity": 1.0, "condition": "---", "motion": "---"},
        {"position": 12, "len": 2, "enabled": true, "note": 38, "velocity": 0.9, "condition": "---", "motion": "---"},
        {"position": 20, "len": 2, "enabled": true, "note": 38, "velocity": 1.0, "condition": "---", "motion": "---"},
        {"position": 28, "len": 2, "enabled": true, "note": 38, "velocity": 0.85, "condition": "---", "motion": "---"},
        {"position": 14, "len": 1, "enabled": true, "note": 38, "velocity": 0.5, "condition": "50%", "motion": "---"},
        {"position": 30, "len": 1, "enabled": true, "note": 38, "velocity": 0.45, "condition": "50%", "motion": "---"}
    ]},
    "SerializeTrack": {"CLIP": 0.0}
}
